"","Df","SumOfSqs","F","Pr(>F)"
"temperature",1,0.131022178671432,5.25723255907565,0.003
"ph",1,0.474978661458976,19.0584014798768,0.001
"food",1,0.046335640532041,1.85920613228045,0.133
"wk",1,1.29816139690105,52.0884054281979,0.001
"temperature:ph",1,0.0997233379309728,4.00137430461402,0.009
"temperature:food",1,0.0322893530575414,1.29560231654588,0.231
"ph:food",1,0.021664247918872,0.869272597066151,0.454
"temperature:ph:food",1,-0.00356793353429907,-0.143162451848504,1
"Residual",87,2.16823764524862,NA,NA
